{
  "project_info": {
    "project_number": "514453081126",
    "firebase_url": "https://total-video-downloader-8e602-default-rtdb.firebaseio.com",
    "project_id": "total-video-downloader-8e602",
    "storage_bucket": "total-video-downloader-8e602.appspot.com"
  },
  "client": [
    {
      "client_info": {
        "mobilesdk_app_id": "1:514453081126:android:11a6abf513d7c8bd226ae7",
        "android_client_info": {
          "package_name": "com.allnew.totalvideodownloader"
        }
      },
      "oauth_client": [
        {
          "client_id": "514453081126-gvjfqdthluhva7cf8tlfuqksbctui9m7.apps.googleusercontent.com",
          "client_type": 1,
          "android_info": {
            "package_name": "com.allnew.totalvideodownloader",
            "certificate_hash": "acf78052a52c9d19fb35ee192cac655e91271a67"
          }
        },
        {
          "client_id": "514453081126-qago09r17b1o78hff70uc1a28vhrc1dg.apps.googleusercontent.com",
          "client_type": 1,
          "android_info": {
            "package_name": "com.allnew.totalvideodownloader",
            "certificate_hash": "b2c6bb220721ea408a31ac9d163232c33a376aec"
          }
        },
        {
          "client_id": "514453081126-9rr4h3rda4m39lfanecbgon1rp9r46nm.apps.googleusercontent.com",
          "client_type": 3
        }
      ],
      "api_key": [
        {
          "current_key": "AIzaSyAcn3oRChjKEqccHzwwXLdjXi8Me3Uj3_k"
        }
      ],
      "services": {
        "appinvite_service": {
          "other_platform_oauth_client": [
            {
              "client_id": "514453081126-9rr4h3rda4m39lfanecbgon1rp9r46nm.apps.googleusercontent.com",
              "client_type": 3
            }
          ]
        }
      }
    },
    {
      "client_info": {
        "mobilesdk_app_id": "1:514453081126:android:741438018eebee8b226ae7",
        "android_client_info": {
          "package_name": "com.anshullc.avasyojnasuchi"
        }
      },
      "oauth_client": [
        {
          "client_id": "514453081126-9rr4h3rda4m39lfanecbgon1rp9r46nm.apps.googleusercontent.com",
          "client_type": 3
        }
      ],
      "api_key": [
        {
          "current_key": "AIzaSyAcn3oRChjKEqccHzwwXLdjXi8Me3Uj3_k"
        }
      ],
      "services": {
        "appinvite_service": {
          "other_platform_oauth_client": [
            {
              "client_id": "514453081126-9rr4h3rda4m39lfanecbgon1rp9r46nm.apps.googleusercontent.com",
              "client_type": 3
            }
          ]
        }
      }
    },
    {
      "client_info": {
        "mobilesdk_app_id": "1:514453081126:android:cabe8c7c4a32863a226ae7",
        "android_client_info": {
          "package_name": "com.casheasyapp.casheasy"
        }
      },
      "oauth_client": [
        {
          "client_id": "514453081126-9rr4h3rda4m39lfanecbgon1rp9r46nm.apps.googleusercontent.com",
          "client_type": 3
        }
      ],
      "api_key": [
        {
          "current_key": "AIzaSyAcn3oRChjKEqccHzwwXLdjXi8Me3Uj3_k"
        }
      ],
      "services": {
        "appinvite_service": {
          "other_platform_oauth_client": [
            {
              "client_id": "514453081126-9rr4h3rda4m39lfanecbgon1rp9r46nm.apps.googleusercontent.com",
              "client_type": 3
            }
          ]
        }
      }
    },
    {
      "client_info": {
        "mobilesdk_app_id": "1:514453081126:android:3a0ef9b5e4691cc7226ae7",
        "android_client_info": {
          "package_name": "com.idownloader.totalvideodownloader"
        }
      },
      "oauth_client": [
        {
          "client_id": "514453081126-9rr4h3rda4m39lfanecbgon1rp9r46nm.apps.googleusercontent.com",
          "client_type": 3
        }
      ],
      "api_key": [
        {
          "current_key": "AIzaSyAcn3oRChjKEqccHzwwXLdjXi8Me3Uj3_k"
        }
      ],
      "services": {
        "appinvite_service": {
          "other_platform_oauth_client": [
            {
              "client_id": "514453081126-9rr4h3rda4m39lfanecbgon1rp9r46nm.apps.googleusercontent.com",
              "client_type": 3
            }
          ]
        }
      }
    },
    {
      "client_info": {
        "mobilesdk_app_id": "1:514453081126:android:2f3f64a906f1e384226ae7",
        "android_client_info": {
          "package_name": "com.rashanexxpress.jskseocom"
        }
      },
      "oauth_client": [
        {
          "client_id": "514453081126-vcq2bmerpsge896itb5eponrin5bivfr.apps.googleusercontent.com",
          "client_type": 1,
          "android_info": {
            "package_name": "com.rashanexxpress.jskseocom",
            "certificate_hash": "acf78052a52c9d19fb35ee192cac655e91271a67"
          }
        },
        {
          "client_id": "514453081126-9rr4h3rda4m39lfanecbgon1rp9r46nm.apps.googleusercontent.com",
          "client_type": 3
        }
      ],
      "api_key": [
        {
          "current_key": "AIzaSyAcn3oRChjKEqccHzwwXLdjXi8Me3Uj3_k"
        }
      ],
      "services": {
        "appinvite_service": {
          "other_platform_oauth_client": [
            {
              "client_id": "514453081126-9rr4h3rda4m39lfanecbgon1rp9r46nm.apps.googleusercontent.com",
              "client_type": 3
            }
          ]
        }
      }
    },
    {
      "client_info": {
        "mobilesdk_app_id": "1:514453081126:android:dd3ee0977eb5431a226ae7",
        "android_client_info": {
          "package_name": "com.story.anshuLLc"
        }
      },
      "oauth_client": [
        {
          "client_id": "514453081126-vh04av7r0168ejm9ukv2e92m4be8iki0.apps.googleusercontent.com",
          "client_type": 1,
          "android_info": {
            "package_name": "com.story.anshuLLc",
            "certificate_hash": "acf78052a52c9d19fb35ee192cac655e91271a67"
          }
        },
        {
          "client_id": "514453081126-9rr4h3rda4m39lfanecbgon1rp9r46nm.apps.googleusercontent.com",
          "client_type": 3
        }
      ],
      "api_key": [
        {
          "current_key": "AIzaSyAcn3oRChjKEqccHzwwXLdjXi8Me3Uj3_k"
        }
      ],
      "services": {
        "appinvite_service": {
          "other_platform_oauth_client": [
            {
              "client_id": "514453081126-9rr4h3rda4m39lfanecbgon1rp9r46nm.apps.googleusercontent.com",
              "client_type": 3
            }
          ]
        }
      }
    },
    {
      "client_info": {
        "mobilesdk_app_id": "1:514453081126:android:fbf941a5b802ce36226ae7",
        "android_client_info": {
          "package_name": "com.uc.vpnbrowser.uc.browser"
        }
      },
      "oauth_client": [
        {
          "client_id": "514453081126-9rr4h3rda4m39lfanecbgon1rp9r46nm.apps.googleusercontent.com",
          "client_type": 3
        }
      ],
      "api_key": [
        {
          "current_key": "AIzaSyAcn3oRChjKEqccHzwwXLdjXi8Me3Uj3_k"
        }
      ],
      "services": {
        "appinvite_service": {
          "other_platform_oauth_client": [
            {
              "client_id": "514453081126-9rr4h3rda4m39lfanecbgon1rp9r46nm.apps.googleusercontent.com",
              "client_type": 3
            }
          ]
        }
      }
    },
    {
      "client_info": {
        "mobilesdk_app_id": "1:514453081126:android:cea8f658ebe8a4ca226ae7",
        "android_client_info": {
          "package_name": "com.ultraspeed.vpnultra"
        }
      },
      "oauth_client": [
        {
          "client_id": "514453081126-9rr4h3rda4m39lfanecbgon1rp9r46nm.apps.googleusercontent.com",
          "client_type": 3
        }
      ],
      "api_key": [
        {
          "current_key": "AIzaSyAcn3oRChjKEqccHzwwXLdjXi8Me3Uj3_k"
        }
      ],
      "services": {
        "appinvite_service": {
          "other_platform_oauth_client": [
            {
              "client_id": "514453081126-9rr4h3rda4m39lfanecbgon1rp9r46nm.apps.googleusercontent.com",
              "client_type": 3
            }
          ]
        }
      }
    },
    {
      "client_info": {
        "mobilesdk_app_id": "1:514453081126:android:dfb63bf85f1e1fb7226ae7",
        "android_client_info": {
          "package_name": "com.video.downloaderandsavevideo"
        }
      },
      "oauth_client": [
        {
          "client_id": "514453081126-9rr4h3rda4m39lfanecbgon1rp9r46nm.apps.googleusercontent.com",
          "client_type": 3
        }
      ],
      "api_key": [
        {
          "current_key": "AIzaSyAcn3oRChjKEqccHzwwXLdjXi8Me3Uj3_k"
        }
      ],
      "services": {
        "appinvite_service": {
          "other_platform_oauth_client": [
            {
              "client_id": "514453081126-9rr4h3rda4m39lfanecbgon1rp9r46nm.apps.googleusercontent.com",
              "client_type": 3
            }
          ]
        }
      }
    }
  ],
  "configuration_version": "1"
}