{
	"format_version": "1.8.0",
	"render_controllers": {
		"controller.render.axolotl": {
			"arrays": {
				"textures": {
					"Array.skins": [
						"Texture.lucy",
						"Texture.cyan",
						"Texture.gold",
						"Texture.wild",
						"Texture.blue",
						"Texture.red",
						"Texture.green",
						"Texture.orange",
						"Texture.silver",
						"Texture.black",
						"Texture.melanoid",
						"Texture.wild_green",
						"Texture.lavander",
						"Texture.mosaic",
						"Texture.enigma"
					]
				}
			},
			"geometry": "Geometry.default",
			"materials": [{
					"*": "Material.default"
				},
				{
					"*arm": "Material.limbs"
				},
				{
					"*leg": "Material.limbs"
				}
			],
			"textures": ["query.get_name == 'Joe' ? Texture.joe : Array.skins[query.variant]"]
		}
	}
}