{  "stone" : {     "textures" : "stone",     "sound": "stone",    "blockshape": "invisible"  },  "sandstone" : {     "isotropic" : {"up" : true, "down" : true},    "textures" : { "up" : "sandstone_top", "down" : "sandstone_bottom", "side" : "sandstone_side"},     "brightness_gamma" : 0.70,    "sound": "stone",    "blockshape": "invisible"  },  "obsidian" : {     "isotropic" : true,    "textures" : "obsidian",    "brightness_gamma" : 2.00,    "sound": "stone",    "blockshape": "invisible"  },  "dirt" : {     "isotropic" : true,    "textures" : "dirt",     "sound": "gravel",    "blockshape": "invisible"  },  "gravel" : {     "textures" : "gravel",     "sound": "gravel",    "blockshape": "invisible"  },  "netherrack" : {     "isotropic" : true,    "textures" : "netherrack",    "sound": "stone",    "blockshape": "invisible"  },  "soul_soil" : {     "textures" : "soul_soil",    "sound": "sand",    "blockshape": "invisible"  },  "soul_sand" : {     "textures" : "soul_sand",    "sound": "sand",    "blockshape": "invisible"  }}